estimator,r2_performance_mean,r2_performance_std,vect__analyzer,vect__ngram_range,vect__preprocessor,sgd__loss,sgd__penalty,sgd__alpha
SGDRegression,-0.24026601371168893,0.01885218800686529,char,"(1, 3)",N/A,huber,l1,1e-06
SGDRegression,-0.23984919840966218,0.018917954351593585,char,"(1, 3)",clean_and_stem_text,huber,l1,1e-06
SGDRegression,-0.25803118972421657,0.01901824966750645,char,"(1, 5)",N/A,huber,l1,1e-06
SGDRegression,-0.25774496880356895,0.01909065439896494,char,"(1, 5)",clean_and_stem_text,huber,l1,1e-06
SGDRegression,-0.27638806715153913,0.019562570023696088,char,"(1, 9)",N/A,huber,l1,1e-06
SGDRegression,-0.27640886807323073,0.019664060205455164,char,"(1, 9)",clean_and_stem_text,huber,l1,1e-06
SGDRegression,-0.2815939490346157,0.019837128210460412,char,"(2, 6)",N/A,huber,l1,1e-06
SGDRegression,-0.2805892325486352,0.019873009289838865,char,"(2, 6)",clean_and_stem_text,huber,l1,1e-06
SGDRegression,-0.29143516941109626,0.020189819172735088,char,"(3, 7)",N/A,huber,l1,1e-06
SGDRegression,-0.29084474905234836,0.02019409619655969,char,"(3, 7)",clean_and_stem_text,huber,l1,1e-06
SGDRegression,-0.2974949521589721,0.020336634275500948,char,"(4, 9)",N/A,huber,l1,1e-06
SGDRegression,-0.2971926404952128,0.020337954141434824,char,"(4, 9)",clean_and_stem_text,huber,l1,1e-06
SGDRegression,-0.23469078313224703,0.01936903772982554,char_wb,"(1, 3)",N/A,huber,l1,1e-06
SGDRegression,-0.23384215106175862,0.01965048586353088,char_wb,"(1, 3)",clean_and_stem_text,huber,l1,1e-06
SGDRegression,-0.24589063149454743,0.019022735153196017,char_wb,"(1, 5)",N/A,huber,l1,1e-06
SGDRegression,-0.2438753644802385,0.01909638323361316,char_wb,"(1, 5)",clean_and_stem_text,huber,l1,1e-06
SGDRegression,-0.25431024798976987,0.019105147034633712,char_wb,"(1, 9)",N/A,huber,l1,1e-06
SGDRegression,-0.25049479661420365,0.019130491331082716,char_wb,"(1, 9)",clean_and_stem_text,huber,l1,1e-06
SGDRegression,-0.2718501839359534,0.019580014820237333,char_wb,"(2, 6)",N/A,huber,l1,1e-06
SGDRegression,-0.2680736693511495,0.019571973637902206,char_wb,"(2, 6)",clean_and_stem_text,huber,l1,1e-06
SGDRegression,-0.282639805906406,0.01993414883153381,char_wb,"(3, 7)",N/A,huber,l1,1e-06
SGDRegression,-0.2790700976157122,0.019899306742469938,char_wb,"(3, 7)",clean_and_stem_text,huber,l1,1e-06
SGDRegression,-0.28882030012635446,0.020126935514923703,char_wb,"(4, 9)",N/A,huber,l1,1e-06
SGDRegression,-0.2852475817880723,0.02012105492597414,char_wb,"(4, 9)",clean_and_stem_text,huber,l1,1e-06
SGDRegression,-0.24017402436101637,0.01884229291605686,char,"(1, 3)",N/A,huber,l2,1e-06
SGDRegression,-0.2395752139617041,0.018873069255001346,char,"(1, 3)",clean_and_stem_text,huber,l2,1e-06
SGDRegression,-0.2577944582788797,0.019040910280563,char,"(1, 5)",N/A,huber,l2,1e-06
SGDRegression,-0.2574770027589256,0.019078888659419924,char,"(1, 5)",clean_and_stem_text,huber,l2,1e-06
SGDRegression,-0.2759408564360212,0.019598683225462023,char,"(1, 9)",N/A,huber,l2,1e-06
SGDRegression,-0.2759563388653029,0.01964289329843113,char,"(1, 9)",clean_and_stem_text,huber,l2,1e-06
SGDRegression,-0.281211352627877,0.019844559043473792,char,"(2, 6)",N/A,huber,l2,1e-06
SGDRegression,-0.2802210631957288,0.01987624481107977,char,"(2, 6)",clean_and_stem_text,huber,l2,1e-06
SGDRegression,-0.2909961942637658,0.020162141412873966,char,"(3, 7)",N/A,huber,l2,1e-06
SGDRegression,-0.2904345484511918,0.02019343732419938,char,"(3, 7)",clean_and_stem_text,huber,l2,1e-06
SGDRegression,-0.2970226222897947,0.02031283328865754,char,"(4, 9)",N/A,huber,l2,1e-06
SGDRegression,-0.29674777324230794,0.020338099264551917,char,"(4, 9)",clean_and_stem_text,huber,l2,1e-06
SGDRegression,-0.2346366359715418,0.019163098738182036,char_wb,"(1, 3)",N/A,huber,l2,1e-06
SGDRegression,-0.23386365997694142,0.01945112231757684,char_wb,"(1, 3)",clean_and_stem_text,huber,l2,1e-06
SGDRegression,-0.2457028868284413,0.018957422437966186,char_wb,"(1, 5)",N/A,huber,l2,1e-06
SGDRegression,-0.24368377910571687,0.019049623512522217,char_wb,"(1, 5)",clean_and_stem_text,huber,l2,1e-06
SGDRegression,-0.25396022030425686,0.018995755226137993,char_wb,"(1, 9)",N/A,huber,l2,1e-06
SGDRegression,-0.25022465107264785,0.019074169340078155,char_wb,"(1, 9)",clean_and_stem_text,huber,l2,1e-06
SGDRegression,-0.27150381844823623,0.019555862971655902,char_wb,"(2, 6)",N/A,huber,l2,1e-06
SGDRegression,-0.2677949902954757,0.01954528645076741,char_wb,"(2, 6)",clean_and_stem_text,huber,l2,1e-06
SGDRegression,-0.28226946457138113,0.01993314223689886,char_wb,"(3, 7)",N/A,huber,l2,1e-06
SGDRegression,-0.27871569541681535,0.01990594135414411,char_wb,"(3, 7)",clean_and_stem_text,huber,l2,1e-06
SGDRegression,-0.28844964474736867,0.02013144865952437,char_wb,"(4, 9)",N/A,huber,l2,1e-06
SGDRegression,-0.284977175634511,0.020130490458336127,char_wb,"(4, 9)",clean_and_stem_text,huber,l2,1e-06
SGDRegression,0.4208700482095093,0.012198302838224062,char,"(1, 3)",N/A,squared_loss,l1,1e-06
SGDRegression,0.4223556793020884,0.012991764003173312,char,"(1, 3)",clean_and_stem_text,squared_loss,l1,1e-06
SGDRegression,0.44848493332362505,0.011345027842744538,char,"(1, 5)",N/A,squared_loss,l1,1e-06
SGDRegression,0.4502303598702394,0.012265533368339345,char,"(1, 5)",clean_and_stem_text,squared_loss,l1,1e-06
SGDRegression,0.4491077025729481,0.010276863316205689,char,"(1, 9)",N/A,squared_loss,l1,1e-06
SGDRegression,0.44950541856752385,0.010349293774384243,char,"(1, 9)",clean_and_stem_text,squared_loss,l1,1e-06
SGDRegression,0.457277914701662,0.01142715968576912,char,"(2, 6)",N/A,squared_loss,l1,1e-06
SGDRegression,0.45859090174128553,0.011758746702634914,char,"(2, 6)",clean_and_stem_text,squared_loss,l1,1e-06
SGDRegression,0.45769317074179394,0.011494621086253038,char,"(3, 7)",N/A,squared_loss,l1,1e-06
SGDRegression,0.4585781591081009,0.011479898855773113,char,"(3, 7)",clean_and_stem_text,squared_loss,l1,1e-06
SGDRegression,0.44732225635730805,0.010715171202003982,char,"(4, 9)",N/A,squared_loss,l1,1e-06
SGDRegression,0.4470648917368235,0.010126456748522174,char,"(4, 9)",clean_and_stem_text,squared_loss,l1,1e-06
SGDRegression,0.40544718636658555,0.011962146364852827,char_wb,"(1, 3)",N/A,squared_loss,l1,1e-06
SGDRegression,0.40549401533122137,0.011786102550131542,char_wb,"(1, 3)",clean_and_stem_text,squared_loss,l1,1e-06
SGDRegression,0.4393585847893732,0.011040814606331665,char_wb,"(1, 5)",N/A,squared_loss,l1,1e-06
SGDRegression,0.4397592925353842,0.011882730345819492,char_wb,"(1, 5)",clean_and_stem_text,squared_loss,l1,1e-06
SGDRegression,0.4452782400370312,0.01085501090986175,char_wb,"(1, 9)",N/A,squared_loss,l1,1e-06
SGDRegression,0.44510810731019,0.012049660535103224,char_wb,"(1, 9)",clean_and_stem_text,squared_loss,l1,1e-06
SGDRegression,0.4562097822465335,0.011648690825920039,char_wb,"(2, 6)",N/A,squared_loss,l1,1e-06
SGDRegression,0.4575426570723403,0.0127650901294211,char_wb,"(2, 6)",clean_and_stem_text,squared_loss,l1,1e-06
SGDRegression,0.45797626264889646,0.012068272203764418,char_wb,"(3, 7)",N/A,squared_loss,l1,1e-06
SGDRegression,0.4592605651687343,0.012986026303138038,char_wb,"(3, 7)",clean_and_stem_text,squared_loss,l1,1e-06
SGDRegression,0.45131604167577655,0.011561293884808345,char_wb,"(4, 9)",N/A,squared_loss,l1,1e-06
SGDRegression,0.452053009368144,0.013224841156627826,char_wb,"(4, 9)",clean_and_stem_text,squared_loss,l1,1e-06
SGDRegression,0.4209040366295266,0.012477723798228205,char,"(1, 3)",N/A,squared_loss,l2,1e-06
SGDRegression,0.42289190742221006,0.013098517091947263,char,"(1, 3)",clean_and_stem_text,squared_loss,l2,1e-06
SGDRegression,0.4489891298101685,0.01132641419733478,char,"(1, 5)",N/A,squared_loss,l2,1e-06
SGDRegression,0.4506561315333176,0.01228796124741413,char,"(1, 5)",clean_and_stem_text,squared_loss,l2,1e-06
SGDRegression,0.4509732298512552,0.010309713604858849,char,"(1, 9)",N/A,squared_loss,l2,1e-06
SGDRegression,0.4512626328830288,0.010348053318446742,char,"(1, 9)",clean_and_stem_text,squared_loss,l2,1e-06
SGDRegression,0.4581759068938885,0.011428767096826001,char,"(2, 6)",N/A,squared_loss,l2,1e-06
SGDRegression,0.45936332314806805,0.01178336013386149,char,"(2, 6)",clean_and_stem_text,squared_loss,l2,1e-06
SGDRegression,0.4588672097900666,0.01158002158551839,char,"(3, 7)",N/A,squared_loss,l2,1e-06
SGDRegression,0.4595485679268051,0.011490224905167408,char,"(3, 7)",clean_and_stem_text,squared_loss,l2,1e-06
SGDRegression,0.4493981776600228,0.010733070096674457,char,"(4, 9)",N/A,squared_loss,l2,1e-06
SGDRegression,0.44903964847646255,0.010198522162927371,char,"(4, 9)",clean_and_stem_text,squared_loss,l2,1e-06
SGDRegression,0.4059991447152399,0.012123037633565212,char_wb,"(1, 3)",N/A,squared_loss,l2,1e-06
SGDRegression,0.4049143822897154,0.01232530640658088,char_wb,"(1, 3)",clean_and_stem_text,squared_loss,l2,1e-06
SGDRegression,0.44029899666249267,0.010915237170786985,char_wb,"(1, 5)",N/A,squared_loss,l2,1e-06
SGDRegression,0.4408409507828324,0.012169515222363592,char_wb,"(1, 5)",clean_and_stem_text,squared_loss,l2,1e-06
SGDRegression,0.4459849885335819,0.010916397428502788,char_wb,"(1, 9)",N/A,squared_loss,l2,1e-06
SGDRegression,0.445473088773651,0.011954590571892326,char_wb,"(1, 9)",clean_and_stem_text,squared_loss,l2,1e-06
SGDRegression,0.45667024319954236,0.011644437471032726,char_wb,"(2, 6)",N/A,squared_loss,l2,1e-06
SGDRegression,0.45781516026369234,0.012696384273590926,char_wb,"(2, 6)",clean_and_stem_text,squared_loss,l2,1e-06
SGDRegression,0.4585686615856881,0.011983344069878152,char_wb,"(3, 7)",N/A,squared_loss,l2,1e-06
SGDRegression,0.4595413925792827,0.013071327837391088,char_wb,"(3, 7)",clean_and_stem_text,squared_loss,l2,1e-06
SGDRegression,0.4520994124682277,0.011644623183335165,char_wb,"(4, 9)",N/A,squared_loss,l2,1e-06
SGDRegression,0.4525503667189804,0.013240382630639452,char_wb,"(4, 9)",clean_and_stem_text,squared_loss,l2,1e-06
SGDRegression,-0.24177488757637594,0.01889539866288852,char,"(1, 3)",N/A,huber,l1,1e-05
SGDRegression,-0.24119951594767305,0.018990084556091424,char,"(1, 3)",clean_and_stem_text,huber,l1,1e-05
SGDRegression,-0.26010210418147534,0.019047816762333275,char,"(1, 5)",N/A,huber,l1,1e-05
SGDRegression,-0.2597167211351496,0.019154384070991817,char,"(1, 5)",clean_and_stem_text,huber,l1,1e-05
SGDRegression,-0.27876453069278695,0.019636421627711842,char,"(1, 9)",N/A,huber,l1,1e-05
SGDRegression,-0.278813304297561,0.01974972161643251,char,"(1, 9)",clean_and_stem_text,huber,l1,1e-05
SGDRegression,-0.28429264359321255,0.01994329725204743,char,"(2, 6)",N/A,huber,l1,1e-05
SGDRegression,-0.2832093020018408,0.019959490262169984,char,"(2, 6)",clean_and_stem_text,huber,l1,1e-05
SGDRegression,-0.2941802260091593,0.02025166853813399,char,"(3, 7)",N/A,huber,l1,1e-05
SGDRegression,-0.2935646062143285,0.020252320994722635,char,"(3, 7)",clean_and_stem_text,huber,l1,1e-05
SGDRegression,-0.29982740146884684,0.0204058634785703,char,"(4, 9)",N/A,huber,l1,1e-05
SGDRegression,-0.29954411857238006,0.020399541164987853,char,"(4, 9)",clean_and_stem_text,huber,l1,1e-05
SGDRegression,-0.23598795157107144,0.019284783684412405,char_wb,"(1, 3)",N/A,huber,l1,1e-05
SGDRegression,-0.23506495451622472,0.019566565669037767,char_wb,"(1, 3)",clean_and_stem_text,huber,l1,1e-05
SGDRegression,-0.2477882166809302,0.01904514198823413,char_wb,"(1, 5)",N/A,huber,l1,1e-05
SGDRegression,-0.24568300077110825,0.019138762120734572,char_wb,"(1, 5)",clean_and_stem_text,huber,l1,1e-05
SGDRegression,-0.25642587106142306,0.019105180106967174,char_wb,"(1, 9)",N/A,huber,l1,1e-05
SGDRegression,-0.25266420290105324,0.019101183726187396,char_wb,"(1, 9)",clean_and_stem_text,huber,l1,1e-05
SGDRegression,-0.2743346277248008,0.019644603983650456,char_wb,"(2, 6)",N/A,huber,l1,1e-05
SGDRegression,-0.27051039981941055,0.01963487970315753,char_wb,"(2, 6)",clean_and_stem_text,huber,l1,1e-05
SGDRegression,-0.2852541677317898,0.020050835077430017,char_wb,"(3, 7)",N/A,huber,l1,1e-05
SGDRegression,-0.28157659021624715,0.019992363928719867,char_wb,"(3, 7)",clean_and_stem_text,huber,l1,1e-05
SGDRegression,-0.2912978339918238,0.020210886246201726,char_wb,"(4, 9)",N/A,huber,l1,1e-05
SGDRegression,-0.28770223237626735,0.020179680060489306,char_wb,"(4, 9)",clean_and_stem_text,huber,l1,1e-05
SGDRegression,-0.2401154679144304,0.018848915027221205,char,"(1, 3)",N/A,huber,l2,1e-05
SGDRegression,-0.23970543591600726,0.018938539623415032,char,"(1, 3)",clean_and_stem_text,huber,l2,1e-05
SGDRegression,-0.2578349371502181,0.01902801544985996,char,"(1, 5)",N/A,huber,l2,1e-05
SGDRegression,-0.2574412226485895,0.019120635146572678,char,"(1, 5)",clean_and_stem_text,huber,l2,1e-05
SGDRegression,-0.27591880193741913,0.019596031029609797,char,"(1, 9)",N/A,huber,l2,1e-05
SGDRegression,-0.2759576941794542,0.019644020260232892,char,"(1, 9)",clean_and_stem_text,huber,l2,1e-05
SGDRegression,-0.2811553588017107,0.019869473453503705,char,"(2, 6)",N/A,huber,l2,1e-05
SGDRegression,-0.2802042439305422,0.019877928868654797,char,"(2, 6)",clean_and_stem_text,huber,l2,1e-05
SGDRegression,-0.2909981670962809,0.020138733908957897,char,"(3, 7)",N/A,huber,l2,1e-05
SGDRegression,-0.29045147970423096,0.02017259399052967,char,"(3, 7)",clean_and_stem_text,huber,l2,1e-05
SGDRegression,-0.2970366854226426,0.0203261285605216,char,"(4, 9)",N/A,huber,l2,1e-05
SGDRegression,-0.29674776815329773,0.020324186721373923,char,"(4, 9)",clean_and_stem_text,huber,l2,1e-05
SGDRegression,-0.2345845938191362,0.019285255561393336,char_wb,"(1, 3)",N/A,huber,l2,1e-05
SGDRegression,-0.23343120590044752,0.019395720425573332,char_wb,"(1, 3)",clean_and_stem_text,huber,l2,1e-05
SGDRegression,-0.24570255360441712,0.018959203003536967,char_wb,"(1, 5)",N/A,huber,l2,1e-05
SGDRegression,-0.24368608954885596,0.01908372609119399,char_wb,"(1, 5)",clean_and_stem_text,huber,l2,1e-05
SGDRegression,-0.2539115378966496,0.01906557982858317,char_wb,"(1, 9)",N/A,huber,l2,1e-05
SGDRegression,-0.2501497415844188,0.019040600054723005,char_wb,"(1, 9)",clean_and_stem_text,huber,l2,1e-05
SGDRegression,-0.27154076049406195,0.019620330390377968,char_wb,"(2, 6)",N/A,huber,l2,1e-05
SGDRegression,-0.26778003523415855,0.019579703588241012,char_wb,"(2, 6)",clean_and_stem_text,huber,l2,1e-05
SGDRegression,-0.28229745219566865,0.019938874601810406,char_wb,"(3, 7)",N/A,huber,l2,1e-05
SGDRegression,-0.2787512419287014,0.019934354004825603,char_wb,"(3, 7)",clean_and_stem_text,huber,l2,1e-05
SGDRegression,-0.2884507350973486,0.020105061754735278,char_wb,"(4, 9)",N/A,huber,l2,1e-05
SGDRegression,-0.2849545328453403,0.020108566428465802,char_wb,"(4, 9)",clean_and_stem_text,huber,l2,1e-05
SGDRegression,0.41885066466144344,0.011869941748731405,char,"(1, 3)",N/A,squared_loss,l1,1e-05
SGDRegression,0.4212991829459141,0.013166368833430439,char,"(1, 3)",clean_and_stem_text,squared_loss,l1,1e-05
SGDRegression,0.44323163405605503,0.01118134788906701,char,"(1, 5)",N/A,squared_loss,l1,1e-05
SGDRegression,0.4457910174458468,0.012130790206917704,char,"(1, 5)",clean_and_stem_text,squared_loss,l1,1e-05
SGDRegression,0.4335710932282403,0.009882090459107382,char,"(1, 9)",N/A,squared_loss,l1,1e-05
SGDRegression,0.43467805275629373,0.0100961913179826,char,"(1, 9)",clean_and_stem_text,squared_loss,l1,1e-05
SGDRegression,0.44992747234007985,0.011351537955676706,char,"(2, 6)",N/A,squared_loss,l1,1e-05
SGDRegression,0.4521229291702447,0.011679232446055345,char,"(2, 6)",clean_and_stem_text,squared_loss,l1,1e-05
SGDRegression,0.447381592129622,0.011264964796067005,char,"(3, 7)",N/A,squared_loss,l1,1e-05
SGDRegression,0.4491076752198759,0.011386523274201548,char,"(3, 7)",clean_and_stem_text,squared_loss,l1,1e-05
SGDRegression,0.42993950569465866,0.010553329696766154,char,"(4, 9)",N/A,squared_loss,l1,1e-05
SGDRegression,0.4303634781900545,0.009972829895982142,char,"(4, 9)",clean_and_stem_text,squared_loss,l1,1e-05
SGDRegression,0.4041320172688483,0.011538685306910186,char_wb,"(1, 3)",N/A,squared_loss,l1,1e-05
SGDRegression,0.40486030138505413,0.011647198603337242,char_wb,"(1, 3)",clean_and_stem_text,squared_loss,l1,1e-05
SGDRegression,0.43657268540783284,0.010934790480910674,char_wb,"(1, 5)",N/A,squared_loss,l1,1e-05
SGDRegression,0.4375359886271655,0.011798766897502973,char_wb,"(1, 5)",clean_and_stem_text,squared_loss,l1,1e-05
SGDRegression,0.43913389161695254,0.01065456914549779,char_wb,"(1, 9)",N/A,squared_loss,l1,1e-05
SGDRegression,0.44050943231733725,0.011966188898046822,char_wb,"(1, 9)",clean_and_stem_text,squared_loss,l1,1e-05
SGDRegression,0.4522083201354062,0.011449127164614938,char_wb,"(2, 6)",N/A,squared_loss,l1,1e-05
SGDRegression,0.4544959196208474,0.012646902243335322,char_wb,"(2, 6)",clean_and_stem_text,squared_loss,l1,1e-05
SGDRegression,0.45315418912101313,0.01196112591489694,char_wb,"(3, 7)",N/A,squared_loss,l1,1e-05
SGDRegression,0.4556042566467006,0.012965239423280168,char_wb,"(3, 7)",clean_and_stem_text,squared_loss,l1,1e-05
SGDRegression,0.4448617894456022,0.011406461396976876,char_wb,"(4, 9)",N/A,squared_loss,l1,1e-05
SGDRegression,0.4475307341382644,0.013195960075172531,char_wb,"(4, 9)",clean_and_stem_text,squared_loss,l1,1e-05
SGDRegression,0.4204689456165386,0.011564166383977498,char,"(1, 3)",N/A,squared_loss,l2,1e-05
SGDRegression,0.42244030094442164,0.012669442765547854,char,"(1, 3)",clean_and_stem_text,squared_loss,l2,1e-05
SGDRegression,0.44843930579193136,0.011320756361037104,char,"(1, 5)",N/A,squared_loss,l2,1e-05
SGDRegression,0.4503143332366199,0.012364138222578704,char,"(1, 5)",clean_and_stem_text,squared_loss,l2,1e-05
SGDRegression,0.45041716226539086,0.010297062880848187,char,"(1, 9)",N/A,squared_loss,l2,1e-05
SGDRegression,0.45064469458501366,0.010333626751188096,char,"(1, 9)",clean_and_stem_text,squared_loss,l2,1e-05
SGDRegression,0.4577870120147905,0.011409361938284903,char,"(2, 6)",N/A,squared_loss,l2,1e-05
SGDRegression,0.4589066698743112,0.01179843725724498,char,"(2, 6)",clean_and_stem_text,squared_loss,l2,1e-05
SGDRegression,0.4584480917201934,0.011584639747859404,char,"(3, 7)",N/A,squared_loss,l2,1e-05
SGDRegression,0.45910356679584163,0.011464445786108711,char,"(3, 7)",clean_and_stem_text,squared_loss,l2,1e-05
SGDRegression,0.44874875000079867,0.010737689491015336,char,"(4, 9)",N/A,squared_loss,l2,1e-05
SGDRegression,0.44847138986192314,0.01013384579212027,char,"(4, 9)",clean_and_stem_text,squared_loss,l2,1e-05
SGDRegression,0.40474967084907687,0.011027269107349375,char_wb,"(1, 3)",N/A,squared_loss,l2,1e-05
SGDRegression,0.4046540274404912,0.011627944117138736,char_wb,"(1, 3)",clean_and_stem_text,squared_loss,l2,1e-05
SGDRegression,0.4399910771818673,0.011101966655141416,char_wb,"(1, 5)",N/A,squared_loss,l2,1e-05
SGDRegression,0.4404103519674874,0.012070756835031143,char_wb,"(1, 5)",clean_and_stem_text,squared_loss,l2,1e-05
SGDRegression,0.44565488845645007,0.010813267061544604,char_wb,"(1, 9)",N/A,squared_loss,l2,1e-05
SGDRegression,0.445460482977578,0.012281120382785112,char_wb,"(1, 9)",clean_and_stem_text,squared_loss,l2,1e-05
SGDRegression,0.45638021433859877,0.011578203379316414,char_wb,"(2, 6)",N/A,squared_loss,l2,1e-05
SGDRegression,0.4575428355765749,0.01271826906185771,char_wb,"(2, 6)",clean_and_stem_text,squared_loss,l2,1e-05
SGDRegression,0.4582549170928386,0.012034212158537838,char_wb,"(3, 7)",N/A,squared_loss,l2,1e-05
SGDRegression,0.4593233968128222,0.012985894136810706,char_wb,"(3, 7)",clean_and_stem_text,squared_loss,l2,1e-05
SGDRegression,0.45175984667939934,0.011647362645920901,char_wb,"(4, 9)",N/A,squared_loss,l2,1e-05
SGDRegression,0.45235824101705707,0.013259319347325224,char_wb,"(4, 9)",clean_and_stem_text,squared_loss,l2,1e-05
SGDRegression,-0.25137912400397056,0.01901143595619574,char,"(1, 3)",N/A,huber,l1,0.0001
SGDRegression,-0.251092856737356,0.01914021617919905,char,"(1, 3)",clean_and_stem_text,huber,l1,0.0001
SGDRegression,-0.26916693436223127,0.019269551670267844,char,"(1, 5)",N/A,huber,l1,0.0001
SGDRegression,-0.2690281362762228,0.01934315956837929,char,"(1, 5)",clean_and_stem_text,huber,l1,0.0001
SGDRegression,-0.28632628674507316,0.019861020281072173,char,"(1, 9)",N/A,huber,l1,0.0001
SGDRegression,-0.28649098423534086,0.01988778093573407,char,"(1, 9)",clean_and_stem_text,huber,l1,0.0001
SGDRegression,-0.29587827161722374,0.020255955200720047,char,"(2, 6)",N/A,huber,l1,0.0001
SGDRegression,-0.2950804454571535,0.02024952149183452,char,"(2, 6)",clean_and_stem_text,huber,l1,0.0001
SGDRegression,-0.3029734829268989,0.02043894883594852,char,"(3, 7)",N/A,huber,l1,0.0001
SGDRegression,-0.30260863543815786,0.020453531656140278,char,"(3, 7)",clean_and_stem_text,huber,l1,0.0001
SGDRegression,-0.30470646057284817,0.0204738184349277,char,"(4, 9)",N/A,huber,l1,0.0001
SGDRegression,-0.30458408063117626,0.02047195092169179,char,"(4, 9)",clean_and_stem_text,huber,l1,0.0001
SGDRegression,-0.24456932112565669,0.019593255608713268,char_wb,"(1, 3)",N/A,huber,l1,0.0001
SGDRegression,-0.2436338235977959,0.019659214879628663,char_wb,"(1, 3)",clean_and_stem_text,huber,l1,0.0001
SGDRegression,-0.25708207066661876,0.01927055600698866,char_wb,"(1, 5)",N/A,huber,l1,0.0001
SGDRegression,-0.2554575821304883,0.019266329392716677,char_wb,"(1, 5)",clean_and_stem_text,huber,l1,0.0001
SGDRegression,-0.2653734567691602,0.019273031198988502,char_wb,"(1, 9)",N/A,huber,l1,0.0001
SGDRegression,-0.26243144785937805,0.019264486569755393,char_wb,"(1, 9)",clean_and_stem_text,huber,l1,0.0001
SGDRegression,-0.2879281994980095,0.020057719059156626,char_wb,"(2, 6)",N/A,huber,l1,0.0001
SGDRegression,-0.2845995071142092,0.01997775290901001,char_wb,"(2, 6)",clean_and_stem_text,huber,l1,0.0001
SGDRegression,-0.29782753422426383,0.02036965066930571,char_wb,"(3, 7)",N/A,huber,l1,0.0001
SGDRegression,-0.2951475160668007,0.020311755734274763,char_wb,"(3, 7)",clean_and_stem_text,huber,l1,0.0001
SGDRegression,-0.30128891043676986,0.02041678601068801,char_wb,"(4, 9)",N/A,huber,l1,0.0001
SGDRegression,-0.2989382841300482,0.020402112395021665,char_wb,"(4, 9)",clean_and_stem_text,huber,l1,0.0001
SGDRegression,-0.24042392252118866,0.01886599704704338,char,"(1, 3)",N/A,huber,l2,0.0001
SGDRegression,-0.23977616650087535,0.018956895079514,char,"(1, 3)",clean_and_stem_text,huber,l2,0.0001
SGDRegression,-0.25789348034990567,0.019013777335878113,char,"(1, 5)",N/A,huber,l2,0.0001
SGDRegression,-0.2575587605455974,0.019106301089921472,char,"(1, 5)",clean_and_stem_text,huber,l2,0.0001
SGDRegression,-0.2759930541430558,0.01960323014661211,char,"(1, 9)",N/A,huber,l2,0.0001
SGDRegression,-0.2760427307320456,0.019641176552218403,char,"(1, 9)",clean_and_stem_text,huber,l2,0.0001
SGDRegression,-0.2812164774088608,0.01983458790852377,char,"(2, 6)",N/A,huber,l2,0.0001
SGDRegression,-0.280236349578353,0.01987181832311513,char,"(2, 6)",clean_and_stem_text,huber,l2,0.0001
SGDRegression,-0.29104422051522766,0.020159019530675712,char,"(3, 7)",N/A,huber,l2,0.0001
SGDRegression,-0.29045811872640503,0.020191105671013544,char,"(3, 7)",clean_and_stem_text,huber,l2,0.0001
SGDRegression,-0.29703941140666873,0.02033106546857708,char,"(4, 9)",N/A,huber,l2,0.0001
SGDRegression,-0.2967772039739406,0.02034365632376441,char,"(4, 9)",clean_and_stem_text,huber,l2,0.0001
SGDRegression,-0.23470962048162813,0.019237391776856804,char_wb,"(1, 3)",N/A,huber,l2,0.0001
SGDRegression,-0.23392671908122703,0.019522922107811362,char_wb,"(1, 3)",clean_and_stem_text,huber,l2,0.0001
SGDRegression,-0.2458272306883585,0.019023525846824704,char_wb,"(1, 5)",N/A,huber,l2,0.0001
SGDRegression,-0.24384823052072524,0.019047995626272348,char_wb,"(1, 5)",clean_and_stem_text,huber,l2,0.0001
SGDRegression,-0.25405294926532623,0.019085081106722673,char_wb,"(1, 9)",N/A,huber,l2,0.0001
SGDRegression,-0.2503079458755216,0.01908293076250232,char_wb,"(1, 9)",clean_and_stem_text,huber,l2,0.0001
SGDRegression,-0.27160559804143264,0.01953645913881145,char_wb,"(2, 6)",N/A,huber,l2,0.0001
SGDRegression,-0.2679212530661007,0.019490916738560495,char_wb,"(2, 6)",clean_and_stem_text,huber,l2,0.0001
SGDRegression,-0.28229960628189427,0.019960813196276316,char_wb,"(3, 7)",N/A,huber,l2,0.0001
SGDRegression,-0.2787620352704019,0.019924523474933408,char_wb,"(3, 7)",clean_and_stem_text,huber,l2,0.0001
SGDRegression,-0.2884884452533515,0.02012556619445139,char_wb,"(4, 9)",N/A,huber,l2,0.0001
SGDRegression,-0.28498975648693703,0.020131029128515172,char_wb,"(4, 9)",clean_and_stem_text,huber,l2,0.0001
SGDRegression,0.4058231913486773,0.011923006257544312,char,"(1, 3)",N/A,squared_loss,l1,0.0001
SGDRegression,0.4112792702147786,0.013195536522968239,char,"(1, 3)",clean_and_stem_text,squared_loss,l1,0.0001
SGDRegression,0.4120357476679418,0.010752796236027758,char,"(1, 5)",N/A,squared_loss,l1,0.0001
SGDRegression,0.4173803533476825,0.011725060080623566,char,"(1, 5)",clean_and_stem_text,squared_loss,l1,0.0001
SGDRegression,0.37560848612874953,0.008744001189228398,char,"(1, 9)",N/A,squared_loss,l1,0.0001
SGDRegression,0.3788559384066905,0.009526859379029116,char,"(1, 9)",clean_and_stem_text,squared_loss,l1,0.0001
SGDRegression,0.4120980636946867,0.010614087028054728,char,"(2, 6)",N/A,squared_loss,l1,0.0001
SGDRegression,0.4167438232070876,0.011079816064190853,char,"(2, 6)",clean_and_stem_text,squared_loss,l1,0.0001
SGDRegression,0.40043826763076407,0.01035404317024995,char,"(3, 7)",N/A,squared_loss,l1,0.0001
SGDRegression,0.4042679804088641,0.011017982580736866,char,"(3, 7)",clean_and_stem_text,squared_loss,l1,0.0001
SGDRegression,0.36431665606645797,0.009435372665071794,char,"(4, 9)",N/A,squared_loss,l1,0.0001
SGDRegression,0.3661457845560603,0.009659144856762282,char,"(4, 9)",clean_and_stem_text,squared_loss,l1,0.0001
SGDRegression,0.39025160593097163,0.011272634438260083,char_wb,"(1, 3)",N/A,squared_loss,l1,0.0001
SGDRegression,0.39327515311834615,0.011944295251242755,char_wb,"(1, 3)",clean_and_stem_text,squared_loss,l1,0.0001
SGDRegression,0.41279496246452174,0.010713070769668912,char_wb,"(1, 5)",N/A,squared_loss,l1,0.0001
SGDRegression,0.41775294576305483,0.011279602837841969,char_wb,"(1, 5)",clean_and_stem_text,squared_loss,l1,0.0001
SGDRegression,0.40520317214032564,0.010170800284603035,char_wb,"(1, 9)",N/A,squared_loss,l1,0.0001
SGDRegression,0.412053758164413,0.011761029511628432,char_wb,"(1, 9)",clean_and_stem_text,squared_loss,l1,0.0001
SGDRegression,0.4266824062488923,0.010835112731525669,char_wb,"(2, 6)",N/A,squared_loss,l1,0.0001
SGDRegression,0.43353613587076173,0.012115433480218348,char_wb,"(2, 6)",clean_and_stem_text,squared_loss,l1,0.0001
SGDRegression,0.42398162473974443,0.01122170137291928,char_wb,"(3, 7)",N/A,squared_loss,l1,0.0001
SGDRegression,0.43201854802136436,0.012786059102530277,char_wb,"(3, 7)",clean_and_stem_text,squared_loss,l1,0.0001
SGDRegression,0.41060499776271797,0.010660318040676608,char_wb,"(4, 9)",N/A,squared_loss,l1,0.0001
SGDRegression,0.4194432163024113,0.012823675285189958,char_wb,"(4, 9)",clean_and_stem_text,squared_loss,l1,0.0001
SGDRegression,0.4169139489088522,0.011832161098981204,char,"(1, 3)",N/A,squared_loss,l2,0.0001
SGDRegression,0.4194320351178159,0.012972654907527342,char,"(1, 3)",clean_and_stem_text,squared_loss,l2,0.0001
SGDRegression,0.44469277557589154,0.01119539644848209,char,"(1, 5)",N/A,squared_loss,l2,0.0001
SGDRegression,0.4467085250586463,0.012032744884242214,char,"(1, 5)",clean_and_stem_text,squared_loss,l2,0.0001
SGDRegression,0.44455431128123324,0.010042957747166353,char,"(1, 9)",N/A,squared_loss,l2,0.0001
SGDRegression,0.44503751325066976,0.01030595071971161,char,"(1, 9)",clean_and_stem_text,squared_loss,l2,0.0001
SGDRegression,0.4538196273737512,0.011235510842215087,char,"(2, 6)",N/A,squared_loss,l2,0.0001
SGDRegression,0.45517744081825284,0.011596068075397379,char,"(2, 6)",clean_and_stem_text,squared_loss,l2,0.0001
SGDRegression,0.45377483423020504,0.011434770059587084,char,"(3, 7)",N/A,squared_loss,l2,0.0001
SGDRegression,0.4546199829374877,0.011415077252152067,char,"(3, 7)",clean_and_stem_text,squared_loss,l2,0.0001
SGDRegression,0.4422417932294683,0.010574656820300997,char,"(4, 9)",N/A,squared_loss,l2,0.0001
SGDRegression,0.4419167205839482,0.010027140834028624,char,"(4, 9)",clean_and_stem_text,squared_loss,l2,0.0001
SGDRegression,0.40164415457505453,0.0117721725695869,char_wb,"(1, 3)",N/A,squared_loss,l2,0.0001
SGDRegression,0.40172606224596147,0.012519758456568166,char_wb,"(1, 3)",clean_and_stem_text,squared_loss,l2,0.0001
SGDRegression,0.437127493003662,0.011604076043794667,char_wb,"(1, 5)",N/A,squared_loss,l2,0.0001
SGDRegression,0.43772739417831313,0.011920309420827255,char_wb,"(1, 5)",clean_and_stem_text,squared_loss,l2,0.0001
SGDRegression,0.4425602087256246,0.010744468854942952,char_wb,"(1, 9)",N/A,squared_loss,l2,0.0001
SGDRegression,0.4426533158872248,0.01163459635343902,char_wb,"(1, 9)",clean_and_stem_text,squared_loss,l2,0.0001
SGDRegression,0.45395649653918396,0.011561196359120434,char_wb,"(2, 6)",N/A,squared_loss,l2,0.0001
SGDRegression,0.4555165623202916,0.01259721357266134,char_wb,"(2, 6)",clean_and_stem_text,squared_loss,l2,0.0001
SGDRegression,0.45579829142462314,0.011964651103303805,char_wb,"(3, 7)",N/A,squared_loss,l2,0.0001
SGDRegression,0.4572776036749054,0.012941168334534112,char_wb,"(3, 7)",clean_and_stem_text,squared_loss,l2,0.0001
SGDRegression,0.44890882148480776,0.011543707987865966,char_wb,"(4, 9)",N/A,squared_loss,l2,0.0001
SGDRegression,0.4499924199497342,0.013234014469767338,char_wb,"(4, 9)",clean_and_stem_text,squared_loss,l2,0.0001
SGDRegression,-0.2701556535295838,0.01930049235782644,char,"(1, 3)",N/A,huber,l1,0.001
SGDRegression,-0.2709772153103448,0.019445891672044403,char,"(1, 3)",clean_and_stem_text,huber,l1,0.001
SGDRegression,-0.2836916733633831,0.01984085958974769,char,"(1, 5)",N/A,huber,l1,0.001
SGDRegression,-0.2842795280072607,0.01990809034999703,char,"(1, 5)",clean_and_stem_text,huber,l1,0.001
SGDRegression,-0.297750453056199,0.020323917394421374,char,"(1, 9)",N/A,huber,l1,0.001
SGDRegression,-0.2981280432534829,0.020369490673252635,char,"(1, 9)",clean_and_stem_text,huber,l1,0.001
SGDRegression,-0.30499487627145855,0.020479698425199377,char,"(2, 6)",N/A,huber,l1,0.001
SGDRegression,-0.3049566711220141,0.020484955471592202,char,"(2, 6)",clean_and_stem_text,huber,l1,0.001
SGDRegression,-0.3049948008096628,0.020471806654623885,char,"(3, 7)",N/A,huber,l1,0.001
SGDRegression,-0.3050035173164828,0.02047877767200382,char,"(3, 7)",clean_and_stem_text,huber,l1,0.001
SGDRegression,-0.30499925545842765,0.02048246074606037,char,"(4, 9)",N/A,huber,l1,0.001
SGDRegression,-0.3049933203808398,0.02048350825402412,char,"(4, 9)",clean_and_stem_text,huber,l1,0.001
SGDRegression,-0.2628930853551531,0.019440421606654865,char_wb,"(1, 3)",N/A,huber,l1,0.001
SGDRegression,-0.2626654011467099,0.019435445119636876,char_wb,"(1, 3)",clean_and_stem_text,huber,l1,0.001
SGDRegression,-0.26956304404326287,0.01942596751782439,char_wb,"(1, 5)",N/A,huber,l1,0.001
SGDRegression,-0.26856645775031396,0.019463239782268126,char_wb,"(1, 5)",clean_and_stem_text,huber,l1,0.001
SGDRegression,-0.27561205094144325,0.01962548340595342,char_wb,"(1, 9)",N/A,huber,l1,0.001
SGDRegression,-0.27331559732909066,0.019562234913188987,char_wb,"(1, 9)",clean_and_stem_text,huber,l1,0.001
SGDRegression,-0.3047587815950936,0.02047792190757175,char_wb,"(2, 6)",N/A,huber,l1,0.001
SGDRegression,-0.30427107472673587,0.020470271228156357,char_wb,"(2, 6)",clean_and_stem_text,huber,l1,0.001
SGDRegression,-0.30498945020912893,0.02047509082799917,char_wb,"(3, 7)",N/A,huber,l1,0.001
SGDRegression,-0.3049985389193294,0.020489104561000043,char_wb,"(3, 7)",clean_and_stem_text,huber,l1,0.001
SGDRegression,-0.30500241704352893,0.020481226525835384,char_wb,"(4, 9)",N/A,huber,l1,0.001
SGDRegression,-0.30499489670562496,0.02047016712463326,char_wb,"(4, 9)",clean_and_stem_text,huber,l1,0.001
SGDRegression,-0.2417120111855003,0.018848243458710917,char,"(1, 3)",N/A,huber,l2,0.001
SGDRegression,-0.24118109248470426,0.018959140591917344,char,"(1, 3)",clean_and_stem_text,huber,l2,0.001
SGDRegression,-0.2587943093753212,0.019075563015800417,char,"(1, 5)",N/A,huber,l2,0.001
SGDRegression,-0.25842636404236696,0.019123795762122798,char,"(1, 5)",clean_and_stem_text,huber,l2,0.001
SGDRegression,-0.27659064873723566,0.019585026644726524,char,"(1, 9)",N/A,huber,l2,0.001
SGDRegression,-0.2766355909221564,0.01966892115062008,char,"(1, 9)",clean_and_stem_text,huber,l2,0.001
SGDRegression,-0.281753440241333,0.019831373649582335,char,"(2, 6)",N/A,huber,l2,0.001
SGDRegression,-0.28079572009727255,0.019882080408879774,char,"(2, 6)",clean_and_stem_text,huber,l2,0.001
SGDRegression,-0.29133895125128567,0.020155541436504533,char,"(3, 7)",N/A,huber,l2,0.001
SGDRegression,-0.29075925562929117,0.020189755677829168,char,"(3, 7)",clean_and_stem_text,huber,l2,0.001
SGDRegression,-0.29721030480228505,0.02034354328061938,char,"(4, 9)",N/A,huber,l2,0.001
SGDRegression,-0.2969604182056118,0.020356539716167264,char,"(4, 9)",clean_and_stem_text,huber,l2,0.001
SGDRegression,-0.23618137336190698,0.01913001257006845,char_wb,"(1, 3)",N/A,huber,l2,0.001
SGDRegression,-0.23546760396425367,0.019497938865223434,char_wb,"(1, 3)",clean_and_stem_text,huber,l2,0.001
SGDRegression,-0.24697510758535463,0.019036792330897657,char_wb,"(1, 5)",N/A,huber,l2,0.001
SGDRegression,-0.2450910738067368,0.019059751829685275,char_wb,"(1, 5)",clean_and_stem_text,huber,l2,0.001
SGDRegression,-0.2550506609129313,0.019040593722142136,char_wb,"(1, 9)",N/A,huber,l2,0.001
SGDRegression,-0.25139928615511015,0.019105358327473534,char_wb,"(1, 9)",clean_and_stem_text,huber,l2,0.001
SGDRegression,-0.27225160034500895,0.01958056230786731,char_wb,"(2, 6)",N/A,huber,l2,0.001
SGDRegression,-0.26862046616189034,0.01954058972583288,char_wb,"(2, 6)",clean_and_stem_text,huber,l2,0.001
SGDRegression,-0.28281029419577297,0.019981128900051586,char_wb,"(3, 7)",N/A,huber,l2,0.001
SGDRegression,-0.27928918272907427,0.019910477999942586,char_wb,"(3, 7)",clean_and_stem_text,huber,l2,0.001
SGDRegression,-0.2888409068662783,0.020129653906918333,char_wb,"(4, 9)",N/A,huber,l2,0.001
SGDRegression,-0.2853877736546063,0.02014257055659831,char_wb,"(4, 9)",clean_and_stem_text,huber,l2,0.001
SGDRegression,0.3212804621959767,0.011380749194661479,char,"(1, 3)",N/A,squared_loss,l1,0.001
SGDRegression,0.33626368077824276,0.012222659413236485,char,"(1, 3)",clean_and_stem_text,squared_loss,l1,0.001
SGDRegression,0.2821376559368982,0.010110921149468844,char,"(1, 5)",N/A,squared_loss,l1,0.001
SGDRegression,0.2952162179164001,0.011104696276195796,char,"(1, 5)",clean_and_stem_text,squared_loss,l1,0.001
SGDRegression,0.16286931886324013,0.00385294415940002,char,"(1, 9)",N/A,squared_loss,l1,0.001
SGDRegression,0.17984595911421183,0.005542606298963015,char,"(1, 9)",clean_and_stem_text,squared_loss,l1,0.001
SGDRegression,0.26287021087188356,0.00957691922944037,char,"(2, 6)",N/A,squared_loss,l1,0.001
SGDRegression,0.27580437417872233,0.011156094540696637,char,"(2, 6)",clean_and_stem_text,squared_loss,l1,0.001
SGDRegression,0.22442420350002293,0.008659028477421095,char,"(3, 7)",N/A,squared_loss,l1,0.001
SGDRegression,0.23528549072927207,0.010400130387070819,char,"(3, 7)",clean_and_stem_text,squared_loss,l1,0.001
SGDRegression,0.14407703126284319,0.004143296599522094,char,"(4, 9)",N/A,squared_loss,l1,0.001
SGDRegression,0.15945183086213466,0.0056292464257606725,char,"(4, 9)",clean_and_stem_text,squared_loss,l1,0.001
SGDRegression,0.30505139900543493,0.009784757431136881,char_wb,"(1, 3)",N/A,squared_loss,l1,0.001
SGDRegression,0.31565498530673364,0.01098586553898513,char_wb,"(1, 3)",clean_and_stem_text,squared_loss,l1,0.001
SGDRegression,0.2975384578036032,0.010226474608908227,char_wb,"(1, 5)",N/A,squared_loss,l1,0.001
SGDRegression,0.3119395315906107,0.011397067062578344,char_wb,"(1, 5)",clean_and_stem_text,squared_loss,l1,0.001
SGDRegression,0.26365127455604576,0.008952361291450056,char_wb,"(1, 9)",N/A,squared_loss,l1,0.001
SGDRegression,0.2850833033081054,0.011000676146123598,char_wb,"(1, 9)",clean_and_stem_text,squared_loss,l1,0.001
SGDRegression,0.31198498434506244,0.011526337774910547,char_wb,"(2, 6)",N/A,squared_loss,l1,0.001
SGDRegression,0.33128467338412426,0.01226493213830181,char_wb,"(2, 6)",clean_and_stem_text,squared_loss,l1,0.001
SGDRegression,0.3010089882374431,0.01228636350345993,char_wb,"(3, 7)",N/A,squared_loss,l1,0.001
SGDRegression,0.3191076458816434,0.01372861316910074,char_wb,"(3, 7)",clean_and_stem_text,squared_loss,l1,0.001
SGDRegression,0.27586929543007543,0.010676421469107944,char_wb,"(4, 9)",N/A,squared_loss,l1,0.001
SGDRegression,0.29554386955130035,0.013499673129228257,char_wb,"(4, 9)",clean_and_stem_text,squared_loss,l1,0.001
SGDRegression,0.38442039379693504,0.010306669188700802,char,"(1, 3)",N/A,squared_loss,l2,0.001
SGDRegression,0.3906628279539825,0.011512499123118856,char,"(1, 3)",clean_and_stem_text,squared_loss,l2,0.001
SGDRegression,0.40569340015339306,0.01031093974270713,char,"(1, 5)",N/A,squared_loss,l2,0.001
SGDRegression,0.4103420166706201,0.010795731348105788,char,"(1, 5)",clean_and_stem_text,squared_loss,l2,0.001
SGDRegression,0.3851235594605996,0.008136304532019223,char,"(1, 9)",N/A,squared_loss,l2,0.001
SGDRegression,0.38798364624167425,0.008635806150708485,char,"(1, 9)",clean_and_stem_text,squared_loss,l2,0.001
SGDRegression,0.41276319488643287,0.01000803648455695,char,"(2, 6)",N/A,squared_loss,l2,0.001
SGDRegression,0.41582054441286714,0.010573931751761736,char,"(2, 6)",clean_and_stem_text,squared_loss,l2,0.001
SGDRegression,0.4050292233666877,0.009950493205591179,char,"(3, 7)",N/A,squared_loss,l2,0.001
SGDRegression,0.4080374038875192,0.010548709012840423,char,"(3, 7)",clean_and_stem_text,squared_loss,l2,0.001
SGDRegression,0.3777124727039416,0.008969327215450055,char,"(4, 9)",N/A,squared_loss,l2,0.001
SGDRegression,0.37970719631101063,0.009084678319528833,char,"(4, 9)",clean_and_stem_text,squared_loss,l2,0.001
SGDRegression,0.36585418170059525,0.010839218632369396,char_wb,"(1, 3)",N/A,squared_loss,l2,0.001
SGDRegression,0.3684388469211223,0.010054662200487938,char_wb,"(1, 3)",clean_and_stem_text,squared_loss,l2,0.001
SGDRegression,0.4041778322920194,0.009817678703910789,char_wb,"(1, 5)",N/A,squared_loss,l2,0.001
SGDRegression,0.40853803996641497,0.010332629557596201,char_wb,"(1, 5)",clean_and_stem_text,squared_loss,l2,0.001
SGDRegression,0.4072850370932778,0.009458277865057357,char_wb,"(1, 9)",N/A,squared_loss,l2,0.001
SGDRegression,0.4122316137045413,0.011198637150489354,char_wb,"(1, 9)",clean_and_stem_text,squared_loss,l2,0.001
SGDRegression,0.42668354099085437,0.010877848974233592,char_wb,"(2, 6)",N/A,squared_loss,l2,0.001
SGDRegression,0.43247851402483767,0.011595390905856987,char_wb,"(2, 6)",clean_and_stem_text,squared_loss,l2,0.001
SGDRegression,0.42690880698427663,0.011041136719543158,char_wb,"(3, 7)",N/A,squared_loss,l2,0.001
SGDRegression,0.43306168182967164,0.012153079656519213,char_wb,"(3, 7)",clean_and_stem_text,squared_loss,l2,0.001
SGDRegression,0.41750870584891464,0.010877034584971343,char_wb,"(4, 9)",N/A,squared_loss,l2,0.001
SGDRegression,0.42355609107075376,0.01207524643584417,char_wb,"(4, 9)",clean_and_stem_text,squared_loss,l2,0.001
SGDRegression,-0.30500764128207936,0.020482143250821927,char,"(1, 3)",N/A,huber,l1,0.01
SGDRegression,-0.3049887897655261,0.020479219293565967,char,"(1, 3)",clean_and_stem_text,huber,l1,0.01
SGDRegression,-0.3050050222680715,0.020476060656542103,char,"(1, 5)",N/A,huber,l1,0.01
SGDRegression,-0.3049906798829612,0.020466948454925013,char,"(1, 5)",clean_and_stem_text,huber,l1,0.01
SGDRegression,-0.3050045603691068,0.020468664180804914,char,"(1, 9)",N/A,huber,l1,0.01
SGDRegression,-0.30500757234021736,0.020494019978407173,char,"(1, 9)",clean_and_stem_text,huber,l1,0.01
SGDRegression,-0.30499972876759823,0.020480622558626385,char,"(2, 6)",N/A,huber,l1,0.01
SGDRegression,-0.3049918418514999,0.020471375415730627,char,"(2, 6)",clean_and_stem_text,huber,l1,0.01
SGDRegression,-0.3050005973266001,0.020483670824227425,char,"(3, 7)",N/A,huber,l1,0.01
SGDRegression,-0.3050018964685598,0.020465685430646252,char,"(3, 7)",clean_and_stem_text,huber,l1,0.01
SGDRegression,-0.30500173569311995,0.020473766786004783,char,"(4, 9)",N/A,huber,l1,0.01
SGDRegression,-0.30499773189095414,0.020488913412194255,char,"(4, 9)",clean_and_stem_text,huber,l1,0.01
SGDRegression,-0.29143523933844684,0.02043622492934452,char_wb,"(1, 3)",N/A,huber,l1,0.01
SGDRegression,-0.2888188112287905,0.020305143850034534,char_wb,"(1, 3)",clean_and_stem_text,huber,l1,0.01
SGDRegression,-0.30200521281876774,0.020779846265636937,char_wb,"(1, 5)",N/A,huber,l1,0.01
SGDRegression,-0.29797806597467635,0.020701657287760054,char_wb,"(1, 5)",clean_and_stem_text,huber,l1,0.01
SGDRegression,-0.3049891472923572,0.02047878073509553,char_wb,"(1, 9)",N/A,huber,l1,0.01
SGDRegression,-0.3049743238015066,0.02059789628983702,char_wb,"(1, 9)",clean_and_stem_text,huber,l1,0.01
SGDRegression,-0.30500680865566,0.020481419526849003,char_wb,"(2, 6)",N/A,huber,l1,0.01
SGDRegression,-0.3049952855962784,0.020473723126670035,char_wb,"(2, 6)",clean_and_stem_text,huber,l1,0.01
SGDRegression,-0.30498574522966626,0.02047063909727953,char_wb,"(3, 7)",N/A,huber,l1,0.01
SGDRegression,-0.30500722516034784,0.02047831481614765,char_wb,"(3, 7)",clean_and_stem_text,huber,l1,0.01
SGDRegression,-0.3050000000578139,0.020476900573580627,char_wb,"(4, 9)",N/A,huber,l1,0.01
SGDRegression,-0.3049975928405006,0.020478580482800785,char_wb,"(4, 9)",clean_and_stem_text,huber,l1,0.01
SGDRegression,-0.2527548504272846,0.019020278655085588,char,"(1, 3)",N/A,huber,l2,0.01
SGDRegression,-0.2521705715156152,0.01919254657873622,char,"(1, 3)",clean_and_stem_text,huber,l2,0.01
SGDRegression,-0.26623653793457625,0.019254585862090674,char,"(1, 5)",N/A,huber,l2,0.01
SGDRegression,-0.265893397020862,0.01932142325227374,char,"(1, 5)",clean_and_stem_text,huber,l2,0.01
SGDRegression,-0.2816158138187258,0.019765353046407926,char,"(1, 9)",N/A,huber,l2,0.01
SGDRegression,-0.28161554593641597,0.01979752203650686,char,"(1, 9)",clean_and_stem_text,huber,l2,0.01
SGDRegression,-0.28599165556311423,0.019999735556313077,char,"(2, 6)",N/A,huber,l2,0.01
SGDRegression,-0.28516705952966065,0.020008681568428718,char,"(2, 6)",clean_and_stem_text,huber,l2,0.01
SGDRegression,-0.2939298271237124,0.02026207434493439,char,"(3, 7)",N/A,huber,l2,0.01
SGDRegression,-0.2934746605103908,0.02024523554840485,char,"(3, 7)",clean_and_stem_text,huber,l2,0.01
SGDRegression,-0.2986915768889781,0.020365383265090544,char,"(4, 9)",N/A,huber,l2,0.01
SGDRegression,-0.2984597562680143,0.020371139463922588,char,"(4, 9)",clean_and_stem_text,huber,l2,0.01
SGDRegression,-0.24918973708470982,0.019382694811513175,char_wb,"(1, 3)",N/A,huber,l2,0.01
SGDRegression,-0.2487018925186713,0.01944013578657734,char_wb,"(1, 3)",clean_and_stem_text,huber,l2,0.01
SGDRegression,-0.2565767361166293,0.019094982565698596,char_wb,"(1, 5)",N/A,huber,l2,0.01
SGDRegression,-0.2550156144744143,0.01917897307582668,char_wb,"(1, 5)",clean_and_stem_text,huber,l2,0.01
SGDRegression,-0.26294408622939175,0.0192646288234382,char_wb,"(1, 9)",N/A,huber,l2,0.01
SGDRegression,-0.25990703255288794,0.01925797332636917,char_wb,"(1, 9)",clean_and_stem_text,huber,l2,0.01
SGDRegression,-0.2779826235989955,0.019738310213398766,char_wb,"(2, 6)",N/A,huber,l2,0.01
SGDRegression,-0.2749231335469685,0.019739551603544972,char_wb,"(2, 6)",clean_and_stem_text,huber,l2,0.01
SGDRegression,-0.2869235118605258,0.020065090694345724,char_wb,"(3, 7)",N/A,huber,l2,0.01
SGDRegression,-0.28406344336270667,0.020036346301428542,char_wb,"(3, 7)",clean_and_stem_text,huber,l2,0.01
SGDRegression,-0.29188238243603803,0.020196419843877482,char_wb,"(4, 9)",N/A,huber,l2,0.01
SGDRegression,-0.28907725309278937,0.020182210778557648,char_wb,"(4, 9)",clean_and_stem_text,huber,l2,0.01
SGDRegression,0.003207955721254252,0.002458748799536915,char,"(1, 3)",N/A,squared_loss,l1,0.01
SGDRegression,0.011703066813701746,0.0038130163338241973,char,"(1, 3)",clean_and_stem_text,squared_loss,l1,0.01
SGDRegression,-0.012843095832966656,0.0021022674716377333,char,"(1, 5)",N/A,squared_loss,l1,0.01
SGDRegression,-0.01884146626954588,0.0029566114532138883,char,"(1, 5)",clean_and_stem_text,squared_loss,l1,0.01
SGDRegression,-0.010812012730995902,0.002472551376089934,char,"(1, 9)",N/A,squared_loss,l1,0.01
SGDRegression,-0.013709776921344919,0.0017119609110270468,char,"(1, 9)",clean_and_stem_text,squared_loss,l1,0.01
SGDRegression,-0.005228296468069082,0.002732443454279402,char,"(2, 6)",N/A,squared_loss,l1,0.01
SGDRegression,-0.00670342223065763,0.0028113668137747403,char,"(2, 6)",clean_and_stem_text,squared_loss,l1,0.01
SGDRegression,-0.004218124220914854,0.0023911787798589733,char,"(3, 7)",N/A,squared_loss,l1,0.01
SGDRegression,-0.004215918638001881,0.002394609817595839,char,"(3, 7)",clean_and_stem_text,squared_loss,l1,0.01
SGDRegression,-0.00421634401173967,0.0023955347637423744,char,"(4, 9)",N/A,squared_loss,l1,0.01
SGDRegression,-0.0042173418187011254,0.002390596219922951,char,"(4, 9)",clean_and_stem_text,squared_loss,l1,0.01
SGDRegression,-0.009901674144548877,0.0033377833494942126,char_wb,"(1, 3)",N/A,squared_loss,l1,0.01
SGDRegression,-0.008880185877313273,0.00434606294088766,char_wb,"(1, 3)",clean_and_stem_text,squared_loss,l1,0.01
SGDRegression,-0.023356644653611536,0.002174448933320396,char_wb,"(1, 5)",N/A,squared_loss,l1,0.01
SGDRegression,-0.023625768235422173,0.00361027324512971,char_wb,"(1, 5)",clean_and_stem_text,squared_loss,l1,0.01
SGDRegression,-0.027184878379647427,0.003394916215479735,char_wb,"(1, 9)",N/A,squared_loss,l1,0.01
SGDRegression,-0.03031054866964782,0.003194590062472278,char_wb,"(1, 9)",clean_and_stem_text,squared_loss,l1,0.01
SGDRegression,-0.002653849550246612,0.003291740742197338,char_wb,"(2, 6)",N/A,squared_loss,l1,0.01
SGDRegression,0.008174748098067864,0.002541466918072314,char_wb,"(2, 6)",clean_and_stem_text,squared_loss,l1,0.01
SGDRegression,-0.0011443582240023397,0.002652457681184887,char_wb,"(3, 7)",N/A,squared_loss,l1,0.01
SGDRegression,0.012173412235718306,0.002041111399016553,char_wb,"(3, 7)",clean_and_stem_text,squared_loss,l1,0.01
SGDRegression,-0.00374858534819249,0.002656813230956713,char_wb,"(4, 9)",N/A,squared_loss,l1,0.01
SGDRegression,0.00801337998869569,0.0020362590917397806,char_wb,"(4, 9)",clean_and_stem_text,squared_loss,l1,0.01
SGDRegression,0.19725119658185603,0.004488676025697787,char,"(1, 3)",N/A,squared_loss,l2,0.01
SGDRegression,0.20967155064251503,0.005412632590933738,char,"(1, 3)",clean_and_stem_text,squared_loss,l2,0.01
SGDRegression,0.1932604002725909,0.004768298549318537,char,"(1, 5)",N/A,squared_loss,l2,0.01
SGDRegression,0.2038567451900596,0.004485660114113347,char,"(1, 5)",clean_and_stem_text,squared_loss,l2,0.01
SGDRegression,0.1469169349581385,0.002850234313541655,char,"(1, 9)",N/A,squared_loss,l2,0.01
SGDRegression,0.15504233940731912,0.003717914933649656,char,"(1, 9)",clean_and_stem_text,squared_loss,l2,0.01
SGDRegression,0.1930639349037519,0.00467599852043655,char,"(2, 6)",N/A,squared_loss,l2,0.01
SGDRegression,0.20320310359621185,0.005398667766405103,char,"(2, 6)",clean_and_stem_text,squared_loss,l2,0.01
SGDRegression,0.17599016416314822,0.004839358840291573,char,"(3, 7)",N/A,squared_loss,l2,0.01
SGDRegression,0.18539010261198838,0.0052856701498780224,char,"(3, 7)",clean_and_stem_text,squared_loss,l2,0.01
SGDRegression,0.14069922672722235,0.003976099689016901,char,"(4, 9)",N/A,squared_loss,l2,0.01
SGDRegression,0.14752092151477078,0.004478380424059041,char,"(4, 9)",clean_and_stem_text,squared_loss,l2,0.01
SGDRegression,0.17500591984704889,0.004394549729283362,char_wb,"(1, 3)",N/A,squared_loss,l2,0.01
SGDRegression,0.18227813832457096,0.004907067194395365,char_wb,"(1, 3)",clean_and_stem_text,squared_loss,l2,0.01
SGDRegression,0.20324807376462245,0.004255795651744075,char_wb,"(1, 5)",N/A,squared_loss,l2,0.01
SGDRegression,0.21701335517651982,0.004988057176542206,char_wb,"(1, 5)",clean_and_stem_text,squared_loss,l2,0.01
SGDRegression,0.19986545304895376,0.004320918048702576,char_wb,"(1, 9)",N/A,squared_loss,l2,0.01
SGDRegression,0.2189905256979162,0.00538893815360019,char_wb,"(1, 9)",clean_and_stem_text,squared_loss,l2,0.01
SGDRegression,0.23839445607023463,0.006161660347843219,char_wb,"(2, 6)",N/A,squared_loss,l2,0.01
SGDRegression,0.2593653882626388,0.0069717895349124155,char_wb,"(2, 6)",clean_and_stem_text,squared_loss,l2,0.01
SGDRegression,0.2357306675782504,0.006526909906403309,char_wb,"(3, 7)",N/A,squared_loss,l2,0.01
SGDRegression,0.25739184261342307,0.007975002050253319,char_wb,"(3, 7)",clean_and_stem_text,squared_loss,l2,0.01
SGDRegression,0.22051885246368497,0.006328421529184212,char_wb,"(4, 9)",N/A,squared_loss,l2,0.01
SGDRegression,0.2464577433227828,0.007996429634886277,char_wb,"(4, 9)",clean_and_stem_text,squared_loss,l2,0.01
